ts,processador,evento,particoes
2026-09-24 21:28:05.142,proc-b1280852,ASSIGN,"{0,1,2,3,4,5}"
2026-09-24 21:28:08.155,proc-b1280852,REVOKE,"{0,1,2,3,4,5}"
2026-09-24 21:28:08.162,proc-b1280852,ASSIGN,"{2,3}"
2026-09-24 21:28:08.164,proc-2701692c,ASSIGN,"{0,1}"
2026-09-24 21:28:08.164,proc-f2baceb5,ASSIGN,"{4,5}"
2026-09-24 21:28:41.476,proc-2701692c,REVOKE,"{0,1}"
2026-09-24 21:28:41.696,proc-f2baceb5,REVOKE,"{4,5}"
2026-09-24 21:28:42.382,proc-b1280852,REVOKE,"{2,3}"
2026-09-24 21:28:46.188,proc-d122fcdc,ASSIGN,"{0,1,2,3,4,5}"
2026-09-24 21:28:49.205,proc-d122fcdc,REVOKE,"{0,1,2,3,4,5}"
2026-09-24 21:28:49.212,proc-d122fcdc,ASSIGN,"{0,1}"
2026-09-24 21:28:49.212,proc-e33f7b26,ASSIGN,"{2,3}"
2026-09-24 21:28:49.213,proc-e4da11ca,ASSIGN,"{4,5}"
2026-09-24 21:30:16.320,proc-e4da11ca,REVOKE,"{4,5}"
2026-09-24 21:30:16.394,proc-e33f7b26,REVOKE,"{2,3}"
2026-09-24 21:30:16.398,proc-e33f7b26,ASSIGN,"{0,1,2}"
2026-09-24 21:30:16.398,proc-e4da11ca,ASSIGN,"{3,4,5}"
2026-09-24 21:30:40.348,proc-e4da11ca,REVOKE,"{3,4,5}"
2026-09-24 21:30:40.425,proc-e33f7b26,REVOKE,"{0,1,2}"
2026-09-24 21:30:40.436,proc-e33f7b26,ASSIGN,"{2,3}"
2026-09-24 21:30:40.436,proc-e4da11ca,ASSIGN,"{4,5}"
2026-09-24 21:30:40.436,proc-d122fcdc,ASSIGN,"{0,1}"
2026-09-24 21:31:10.802,proc-e33f7b26,REVOKE,"{2,3}"
2026-09-24 21:31:10.803,proc-d122fcdc,REVOKE,"{0,1}"
2026-09-24 21:31:11.050,proc-e4da11ca,REVOKE,"{4,5}"
2026-09-24 21:31:15.108,proc-d1ff9f7a,ASSIGN,"{0,1,2,3,4,5}"
2026-09-24 21:31:18.119,proc-d1ff9f7a,REVOKE,"{0,1,2,3,4,5}"
2026-09-24 21:31:18.124,proc-d1ff9f7a,ASSIGN,"{4,5}"
2026-09-24 21:31:18.125,proc-1b59fc40,ASSIGN,"{0,1}"
2026-09-24 21:31:18.125,proc-3e7038da,ASSIGN,"{2,3}"
2026-09-24 21:31:56.486,proc-3e7038da,REVOKE,"{2,3}"
2026-09-24 21:31:56.602,proc-d1ff9f7a,REVOKE,"{4,5}"
2026-09-24 21:31:57.210,proc-1b59fc40,REVOKE,"{0,1}"
2026-09-24 21:31:57.219,proc-1b59fc40,ASSIGN,"{0,1,2,3,4,5}"
2026-09-24 21:31:57.428,proc-1b59fc40,REVOKE,"{0,1,2,3,4,5}"
2026-09-24 21:32:00.666,proc-c7f71418,ASSIGN,"{0,1,2,3,4,5}"
2026-09-24 21:33:11.652,proc-c7f71418,REVOKE,"{0,1,2,3,4,5}"
2026-09-24 21:33:11.654,proc-1f3914ea,ASSIGN,"{0,1}"
2026-09-24 21:33:11.654,proc-c7f71418,ASSIGN,"{4,5}"
2026-09-24 21:33:11.654,proc-3bf678ec,ASSIGN,"{2,3}"
2026-09-24 21:34:16.288,proc-c7f71418,REVOKE,"{4,5}"
2026-09-24 21:34:17.792,proc-1f3914ea,REVOKE,"{0,1}"
2026-09-24 21:34:21.482,proc-3bf678ec,REVOKE,"{2,3}"
2026-09-24 21:34:21.485,proc-1f3914ea,ASSIGN,{1}
2026-09-24 21:34:21.485,proc-efb962c3,ASSIGN,{5}
2026-09-24 21:34:21.485,proc-19d78eb5,ASSIGN,{0}
2026-09-24 21:34:21.486,proc-c7f71418,ASSIGN,{4}
2026-09-24 21:34:21.486,proc-3bf678ec,ASSIGN,{2}
2026-09-24 21:34:21.486,proc-b3d55b5b,ASSIGN,{3}
2026-09-24 21:35:24.086,proc-3bf678ec,REVOKE,{2}
2026-09-24 21:35:24.585,proc-1f3914ea,REVOKE,{1}
2026-09-24 21:35:24.585,proc-19d78eb5,REVOKE,{0}
2026-09-24 21:35:24.585,proc-b3d55b5b,REVOKE,{3}
2026-09-24 21:35:24.796,proc-efb962c3,REVOKE,{5}
2026-09-24 21:35:24.835,proc-c7f71418,REVOKE,{4}
2026-09-24 21:35:24.837,proc-efb962c3,ASSIGN,{}
2026-09-24 21:35:24.837,proc-b3d55b5b,ASSIGN,{4}
2026-09-24 21:35:24.837,proc-3bf678ec,ASSIGN,{2}
2026-09-24 21:35:24.837,proc-bb15694c,ASSIGN,{5}
2026-09-24 21:35:24.838,proc-8a3e587a,ASSIGN,{3}
2026-09-24 21:35:24.838,proc-1f3914ea,ASSIGN,{1}
2026-09-24 21:35:24.838,proc-c7f71418,ASSIGN,{}
2026-09-24 21:35:24.838,proc-19d78eb5,ASSIGN,{0}
2026-09-24 21:35:43.752,proc-bb15694c,REVOKE,{5}
2026-09-24 21:35:43.825,proc-efb962c3,REVOKE,{}
2026-09-24 21:35:43.850,proc-c7f71418,REVOKE,{}
2026-09-24 21:35:44.013,proc-1f3914ea,REVOKE,{1}
2026-09-24 21:35:44.068,proc-3bf678ec,REVOKE,{2}
2026-09-24 21:35:44.109,proc-8a3e587a,REVOKE,{3}
2026-09-24 21:35:44.294,proc-19d78eb5,REVOKE,{0}
2026-09-24 21:35:44.732,proc-b3d55b5b,REVOKE,{4}
2026-09-24 21:35:48.017,proc-37c675e5,ASSIGN,"{0,1,2,3,4,5}"
2026-09-24 21:35:51.021,proc-37c675e5,REVOKE,"{0,1,2,3,4,5}"
2026-09-24 21:35:51.024,proc-37c675e5,ASSIGN,"{2,3}"
2026-09-24 21:35:51.025,proc-0057df72,ASSIGN,"{0,1}"
2026-09-24 21:35:51.025,proc-7883a56c,ASSIGN,"{4,5}"
2026-09-24 21:36:30.102,proc-0057df72,REVOKE,"{0,1}"
2026-09-24 21:36:30.102,proc-7883a56c,REVOKE,"{4,5}"
2026-09-24 21:36:30.102,proc-37c675e5,REVOKE,"{2,3}"
2026-09-24 21:36:30.107,proc-0057df72,ASSIGN,{0}
2026-09-24 21:36:30.107,proc-074e44fe,ASSIGN,{1}
2026-09-24 21:36:30.107,proc-43f3cb60,ASSIGN,{4}
2026-09-24 21:36:30.108,proc-37c675e5,ASSIGN,{2}
2026-09-24 21:36:30.108,proc-7883a56c,ASSIGN,{5}
2026-09-24 21:36:30.109,proc-f26189f3,ASSIGN,{}
2026-09-24 21:36:30.109,proc-cc675595,ASSIGN,{}
2026-09-24 21:36:30.109,proc-4162a388,ASSIGN,{3}
2026-09-24 21:36:45.573,proc-cc675595,REVOKE,{}
2026-09-24 21:36:45.615,proc-4162a388,REVOKE,{3}
2026-09-24 21:36:45.680,proc-f26189f3,REVOKE,{}
2026-09-24 21:36:45.720,proc-074e44fe,REVOKE,{1}
2026-09-24 21:36:45.817,proc-43f3cb60,REVOKE,{4}
2026-09-24 21:36:48.128,proc-7883a56c,REVOKE,{5}
2026-09-24 21:36:48.135,proc-0057df72,REVOKE,{0}
2026-09-24 21:36:48.157,proc-37c675e5,REVOKE,{2}
2026-09-24 21:36:48.160,proc-0057df72,ASSIGN,"{0,1}"
2026-09-24 21:36:48.160,proc-37c675e5,ASSIGN,"{2,3}"
2026-09-24 21:36:48.160,proc-7883a56c,ASSIGN,"{4,5}"
2026-09-24 21:37:21.173,proc-7883a56c,REVOKE,"{4,5}"
2026-09-24 21:37:21.264,proc-37c675e5,REVOKE,"{2,3}"
2026-09-24 21:37:21.266,proc-7883a56c,ASSIGN,"{3,4,5}"
2026-09-24 21:37:21.266,proc-37c675e5,ASSIGN,"{0,1,2}"
2026-09-24 21:37:33.187,proc-7883a56c,REVOKE,"{3,4,5}"
2026-09-24 21:37:33.288,proc-37c675e5,REVOKE,"{0,1,2}"
2026-09-24 21:37:33.293,proc-7883a56c,ASSIGN,"{4,5}"
2026-09-24 21:37:33.293,proc-37c675e5,ASSIGN,"{2,3}"
2026-09-24 21:37:33.293,proc-0057df72,ASSIGN,"{0,1}"
2026-09-24 21:37:55.749,proc-7883a56c,REVOKE,"{4,5}"
2026-09-24 21:37:56.207,proc-37c675e5,REVOKE,"{2,3}"
2026-09-24 21:37:56.672,proc-0057df72,REVOKE,"{0,1}"
2026-09-24 21:37:59.933,proc-12952cd6,ASSIGN,"{0,1,2,3,4,5}"
2026-09-24 21:39:09.945,proc-12952cd6,REVOKE,"{0,1,2,3,4,5}"
2026-09-24 21:39:09.950,proc-12952cd6,ASSIGN,"{2,3}"
2026-09-24 21:39:09.950,proc-2fda837b,ASSIGN,"{4,5}"
2026-09-24 21:39:09.950,proc-00ea1c6a,ASSIGN,"{0,1}"
2026-09-24 21:40:59.947,proc-00ea1c6a,REVOKE,"{0,1}"
2026-09-24 21:41:00.198,proc-12952cd6,REVOKE,"{2,3}"
2026-09-24 21:41:00.540,proc-2fda837b,REVOKE,"{4,5}"
2026-09-24 21:41:00.547,proc-12952cd6,ASSIGN,{2}
2026-09-24 21:41:00.547,proc-ae0e144e,ASSIGN,{5}
2026-09-24 21:41:00.548,proc-00ea1c6a,ASSIGN,{0}
2026-09-24 21:41:00.548,proc-2fda837b,ASSIGN,{3}
2026-09-24 21:41:00.548,proc-0fa8fa33,ASSIGN,{1}
2026-09-24 21:41:00.548,proc-4f1d6057,ASSIGN,{4}
2026-09-24 21:42:05.672,proc-12952cd6,REVOKE,{2}
2026-09-24 21:42:05.695,proc-00ea1c6a,REVOKE,{0}
2026-09-24 21:42:06.239,proc-2fda837b,REVOKE,{3}
2026-09-24 21:42:06.560,proc-ae0e144e,REVOKE,{5}
2026-09-24 21:42:06.676,proc-4f1d6057,REVOKE,{4}
2026-09-24 21:42:06.676,proc-0fa8fa33,REVOKE,{1}
2026-09-24 21:42:06.684,proc-58a70380,ASSIGN,{5}
2026-09-24 21:42:06.684,proc-0fa8fa33,ASSIGN,{1}
2026-09-24 21:42:06.684,proc-ae0e144e,ASSIGN,{}
2026-09-24 21:42:06.684,proc-4f1d6057,ASSIGN,{4}
2026-09-24 21:42:06.684,proc-f9916b8c,ASSIGN,{}
2026-09-24 21:42:06.686,proc-00ea1c6a,ASSIGN,{0}
2026-09-24 21:42:06.686,proc-12952cd6,ASSIGN,{2}
2026-09-24 21:42:06.686,proc-2fda837b,ASSIGN,{3}
2026-09-24 21:42:26.662,proc-58a70380,REVOKE,{5}
2026-09-24 21:42:26.691,proc-12952cd6,REVOKE,{2}
2026-09-24 21:42:26.708,proc-00ea1c6a,REVOKE,{0}
2026-09-24 21:42:26.850,proc-2fda837b,REVOKE,{3}
2026-09-24 21:42:27.341,proc-ae0e144e,REVOKE,{}
2026-09-24 21:42:27.342,proc-f9916b8c,REVOKE,{}
2026-09-24 21:42:27.741,proc-4f1d6057,REVOKE,{4}
2026-09-24 21:42:27.863,proc-0fa8fa33,REVOKE,{1}
2026-09-24 21:42:31.173,proc-2e5678e7,ASSIGN,"{0,1,2,3,4,5}"
2026-09-24 21:42:34.210,proc-2e5678e7,REVOKE,"{0,1,2,3,4,5}"
2026-09-24 21:42:34.213,proc-2e5678e7,ASSIGN,"{0,1}"
2026-09-24 21:42:34.213,proc-93b1f62d,ASSIGN,"{2,3}"
2026-09-24 21:42:34.213,proc-b6e604b7,ASSIGN,"{4,5}"
2026-09-24 21:52:52.908,proc-b6e604b7,LOST,"{4,5}"
2026-09-24 21:52:52.949,proc-93b1f62d,LOST,"{2,3}"
2026-09-24 21:52:53.225,proc-2e5678e7,LOST,"{0,1}"
2026-09-24 21:53:35.488,proc-b6e604b7,ASSIGN,"{4,5}"
2026-09-24 21:53:35.488,proc-93b1f62d,ASSIGN,"{2,3}"
2026-09-24 21:53:35.489,proc-2e5678e7,ASSIGN,"{0,1}"
2026-09-24 21:54:45.206,proc-93b1f62d,REVOKE,"{2,3}"
2026-09-24 21:54:47.704,proc-b6e604b7,REVOKE,"{4,5}"
2026-09-24 21:54:47.704,proc-2e5678e7,REVOKE,"{0,1}"
2026-09-24 21:55:17.325,proc-2e5678e7,ASSIGN,"{0,1,2}"
2026-09-24 21:55:17.326,proc-b6e604b7,ASSIGN,"{3,4,5}"
2026-09-24 21:55:29.706,proc-2e5678e7,REVOKE,"{0,1,2}"
2026-09-24 21:55:32.259,proc-b6e604b7,REVOKE,"{3,4,5}"
2026-09-24 21:55:32.263,proc-b6e604b7,ASSIGN,"{0,1,2,3,4,5}"
2026-09-24 22:04:29.263,proc-b6e604b7,REVOKE,"{0,1,2,3,4,5}"
2026-09-24 22:04:32.563,proc-4d602185,ASSIGN,"{0,1,2,3,4,5}"
2026-09-24 22:04:35.570,proc-4d602185,REVOKE,"{0,1,2,3,4,5}"
2026-09-24 22:04:35.576,proc-4d602185,ASSIGN,"{2,3}"
2026-09-24 22:04:35.577,proc-e160f351,ASSIGN,"{4,5}"
2026-09-24 22:04:35.577,proc-174041a3,ASSIGN,"{0,1}"
2026-09-25 10:50:59.151,proc-573d9f78,ASSIGN,"{0,1}"
2026-09-25 10:50:59.151,proc-7b14f567,ASSIGN,"{4,5}"
2026-09-25 10:50:59.151,proc-711d8e46,ASSIGN,"{2,3}"
2026-09-25 11:09:39.227,proc-7b14f567,REVOKE,"{4,5}"
2026-09-25 11:09:39.228,proc-573d9f78,REVOKE,"{0,1}"
2026-09-25 11:09:39.236,proc-7b14f567,ASSIGN,"{3,4,5}"
2026-09-25 11:09:39.236,proc-573d9f78,ASSIGN,"{0,1,2}"
2026-09-25 11:17:37.094,proc-573d9f78,REVOKE,"{0,1,2}"
2026-09-25 11:17:37.094,proc-7b14f567,REVOKE,"{3,4,5}"
2026-09-25 11:17:37.101,proc-573d9f78,ASSIGN,"{0,1}"
2026-09-25 11:17:37.102,proc-7b14f567,ASSIGN,"{4,5}"
2026-09-25 11:17:37.102,proc-711d8e46,ASSIGN,"{2,3}"
2026-09-25 11:18:13.123,proc-7b14f567,REVOKE,"{4,5}"
2026-09-25 11:18:13.123,proc-573d9f78,REVOKE,"{0,1}"
2026-09-25 11:18:13.130,proc-573d9f78,ASSIGN,"{0,1,2}"
2026-09-25 11:18:13.130,proc-7b14f567,ASSIGN,"{3,4,5}"
2026-09-25 11:18:31.139,proc-573d9f78,REVOKE,"{0,1,2}"
2026-09-25 11:18:31.141,proc-7b14f567,REVOKE,"{3,4,5}"
2026-09-25 11:18:31.145,proc-573d9f78,ASSIGN,"{0,1}"
2026-09-25 11:18:31.145,proc-711d8e46,ASSIGN,"{2,3}"
2026-09-25 11:18:31.145,proc-7b14f567,ASSIGN,"{4,5}"
2026-09-25 11:18:40.449,proc-711d8e46,REVOKE,"{2,3}"
2026-09-25 11:18:40.709,proc-573d9f78,REVOKE,"{0,1}"
2026-09-25 11:18:40.709,proc-7b14f567,REVOKE,"{4,5}"
2026-09-25 11:18:44.015,proc-03d2b860,ASSIGN,"{0,1,2,3,4,5}"
2026-09-25 11:19:54.055,proc-03d2b860,REVOKE,"{0,1,2,3,4,5}"
2026-09-25 11:19:54.061,proc-ca80f50f,ASSIGN,"{2,3}"
2026-09-25 11:19:54.061,proc-d45f3072,ASSIGN,"{4,5}"
2026-09-25 11:19:54.061,proc-03d2b860,ASSIGN,"{0,1}"
2026-09-25 11:20:59.781,proc-03d2b860,REVOKE,"{0,1}"
2026-09-25 11:21:00.458,proc-d45f3072,REVOKE,"{4,5}"
2026-09-25 11:21:03.894,proc-ca80f50f,REVOKE,"{2,3}"
2026-09-25 11:21:03.900,proc-d45f3072,ASSIGN,{5}
2026-09-25 11:21:03.900,proc-ca80f50f,ASSIGN,{4}
2026-09-25 11:21:03.900,proc-5084a4f6,ASSIGN,{1}
2026-09-25 11:21:03.900,proc-5774d724,ASSIGN,{2}
2026-09-25 11:21:03.901,proc-03d2b860,ASSIGN,{0}
2026-09-25 11:21:03.901,proc-67acaa81,ASSIGN,{3}
2026-09-25 11:22:06.396,proc-ca80f50f,REVOKE,{4}
2026-09-25 11:22:06.989,proc-03d2b860,REVOKE,{0}
2026-09-25 11:22:06.998,proc-d45f3072,REVOKE,{5}
2026-09-25 11:22:07.228,proc-5774d724,REVOKE,{2}
2026-09-25 11:22:07.355,proc-67acaa81,REVOKE,{3}
2026-09-25 11:22:07.888,proc-5084a4f6,REVOKE,{1}
2026-09-25 11:22:07.894,proc-67acaa81,ASSIGN,{4}
2026-09-25 11:22:07.894,proc-5774d724,ASSIGN,{2}
2026-09-25 11:22:07.894,proc-ca80f50f,ASSIGN,{5}
2026-09-25 11:22:07.895,proc-03d2b860,ASSIGN,{0}
2026-09-25 11:22:07.895,proc-d45f3072,ASSIGN,{}
2026-09-25 11:22:07.895,proc-61125673,ASSIGN,{3}
2026-09-25 11:22:07.895,proc-e1c2ca52,ASSIGN,{}
2026-09-25 11:22:07.896,proc-5084a4f6,ASSIGN,{1}
2026-09-25 11:22:26.955,proc-d45f3072,REVOKE,{}
2026-09-25 11:22:27.311,proc-67acaa81,REVOKE,{4}
2026-09-25 11:22:27.316,proc-61125673,REVOKE,{3}
2026-09-25 11:22:27.406,proc-ca80f50f,REVOKE,{5}
2026-09-25 11:22:27.686,proc-e1c2ca52,REVOKE,{}
2026-09-25 11:22:27.715,proc-03d2b860,REVOKE,{0}
2026-09-25 11:22:28.791,proc-5774d724,REVOKE,{2}
2026-09-25 11:22:28.985,proc-5084a4f6,REVOKE,{1}
2026-09-25 11:22:32.265,proc-117780b9,ASSIGN,"{0,1,2,3,4,5}"
2026-09-25 11:22:35.279,proc-117780b9,REVOKE,"{0,1,2,3,4,5}"
2026-09-25 11:22:35.283,proc-117780b9,ASSIGN,"{0,1}"
2026-09-25 11:22:35.284,proc-e6c30a18,ASSIGN,"{4,5}"
2026-09-25 11:22:35.288,proc-34c1a467,ASSIGN,"{2,3}"
2026-09-25 11:23:12.386,proc-34c1a467,LOST,"{2,3}"
2026-09-25 11:23:12.391,proc-117780b9,LOST,"{0,1}"
2026-09-25 11:23:12.392,proc-e6c30a18,LOST,"{4,5}"
2026-09-25 11:24:25.487,proc-e6c30a18,ASSIGN,"{4,5}"
2026-09-25 11:24:25.487,proc-117780b9,ASSIGN,"{0,1}"
2026-09-25 11:24:25.489,proc-34c1a467,ASSIGN,"{2,3}"
2026-09-25 11:38:39.092,proc-117780b9,REVOKE,"{0,1}"
2026-09-25 11:38:39.092,proc-34c1a467,REVOKE,"{2,3}"
2026-09-25 11:38:39.092,proc-e6c30a18,REVOKE,"{4,5}"
2026-09-25 11:38:42.473,proc-cc889f4f,ASSIGN,"{0,1,2,3,4,5}"
2026-09-25 11:38:45.479,proc-cc889f4f,REVOKE,"{0,1,2,3,4,5}"
2026-09-25 11:38:45.483,proc-cc889f4f,ASSIGN,"{2,3}"
2026-09-25 11:38:45.483,proc-d1dda71a,ASSIGN,"{4,5}"
2026-09-25 11:38:45.483,proc-9e7f17d9,ASSIGN,"{0,1}"
